decade,genre,decade_album_count,album_count,album_prevalence,fractional_album_count,composition_share
1950,Avant-Garde Jazz,37,1,0.027027,1.000000,0.027027
1950,Baroque Music,37,1,0.027027,1.000000,0.027027
1950,Big Band,37,1,0.027027,0.500000,0.013514
1950,Bossanova,37,1,0.027027,1.000000,0.027027
1950,Cool Jazz,37,5,0.135135,3.333333,0.090090
1950,Country,37,1,0.027027,0.500000,0.013514
1950,Cowboy,37,1,0.027027,1.000000,0.027027
1950,Film Score,37,1,0.027027,0.500000,0.013514
1950,Hard Bop,37,12,0.324324,12.000000,0.324324
1950,Modal Jazz,37,1,0.027027,0.500000,0.013514
1950,Modern Classical,37,1,0.027027,0.500000,0.013514
1950,Orchestral,37,1,0.027027,0.500000,0.013514
1950,Post-Bop,37,4,0.108108,4.000000,0.108108
1950,Progressive Big Band,37,1,0.027027,0.500000,0.013514
1950,Rhythm & Blues,37,1,0.027027,0.500000,0.013514
1950,Rock & Roll,37,4,0.108108,2.500000,0.067568
1950,Rockabilly,37,3,0.081081,1.500000,0.040541
1950,Standards,37,3,0.081081,1.333333,0.036036
1950,Vocal Jazz,37,6,0.162162,4.333333,0.117117
1960,Acid Rock,280,7,0.025000,2.833333,0.010119
1960,American Primitivism,280,2,0.007143,2.000000,0.007143
1960,Art Pop,280,2,0.007143,0.583333,0.002083
1960,Art Rock,280,4,0.014286,1.583333,0.005655
1960,Avant-Folk,280,1,0.003571,1.000000,0.003571
1960,Avant-Garde Jazz,280,6,0.021429,5.000000,0.017857
1960,Avant-Prog,280,1,0.003571,0.333333,0.001190
1960,Baroque Pop,280,16,0.057143,8.833333,0.031548
1960,Beat Music,280,2,0.007143,0.833333,0.002976
1960,Big Band,280,1,0.003571,1.000000,0.003571
1960,Blue-Eyed Soul,280,3,0.010714,1.500000,0.005357
1960,Blues,280,1,0.003571,0.500000,0.001786
1960,Blues Rock,280,28,0.100000,15.333333,0.054762
1960,Bossanova,280,2,0.007143,1.500000,0.005357
1960,Brill Building,280,2,0.007143,0.833333,0.002976
1960,British Blues,280,2,0.007143,1.000000,0.003571
1960,British Folk Rock,280,4,0.014286,2.500000,0.008929
1960,British Rhythm & Blues,280,4,0.014286,2.500000,0.008929
1960,Canterbury Scene,280,3,0.010714,1.250000,0.004464
1960,Chamber Folk,280,3,0.010714,1.833333,0.006548
1960,Chamber Jazz,280,1,0.003571,0.500000,0.001786
1960,Christmas Music,280,2,0.007143,0.666667,0.002381
1960,Contemporary Folk,280,16,0.057143,7.500000,0.026786
1960,Cool Jazz,280,5,0.017857,3.833333,0.013690
1960,Country,280,4,0.014286,1.416667,0.005060
1960,Country Pop,280,1,0.003571,0.500000,0.001786
1960,Country Rock,280,6,0.021429,3.083333,0.011012
1960,Country Soul,280,1,0.003571,0.500000,0.001786
1960,Deep Soul,280,3,0.010714,1.500000,0.005357
1960,Doo-Wop,280,1,0.003571,1.000000,0.003571
1960,Electronic,280,2,0.007143,0.666667,0.002381
1960,European Free Jazz,280,1,0.003571,1.000000,0.003571
1960,Experimental,280,2,0.007143,0.666667,0.002381
1960,Experimental Rock,280,12,0.042857,4.916667,0.017560
1960,Film Score,280,3,0.010714,1.250000,0.004464
1960,Film Soundtrack,280,2,0.007143,0.750000,0.002679
1960,Folk Baroque,280,2,0.007143,0.833333,0.002976
1960,Folk Pop,280,4,0.014286,2.000000,0.007143
1960,Folk Rock,280,24,0.085714,11.750000,0.041964
1960,Freakbeat,280,2,0.007143,0.833333,0.002976
1960,Free Improvisation,280,1,0.003571,0.333333,0.001190
1960,Free Jazz,280,8,0.028571,6.000000,0.021429
1960,Funk,280,1,0.003571,0.500000,0.001786
1960,Garage Rock,280,7,0.025000,3.166667,0.011310
1960,Girl Group,280,2,0.007143,0.833333,0.002976
1960,Hard Bop,280,13,0.046429,12.000000,0.042857
1960,Hard Rock,280,6,0.021429,3.500000,0.012500
1960,Heavy Psych,280,2,0.007143,0.666667,0.002381
1960,Indeterminacy,280,1,0.003571,0.500000,0.001786
1960,Jam Band,280,1,0.003571,0.500000,0.001786
1960,Jazz Fusion,280,2,0.007143,1.000000,0.003571
1960,Jazz-Rock,280,5,0.017857,2.416667,0.008631
1960,Jazzmanouche,280,1,0.003571,0.500000,0.001786
1960,Krautrock,280,2,0.007143,1.000000,0.003571
1960,Latin Rock,280,1,0.003571,1.000000,0.003571
1960,Merseybeat,280,4,0.014286,2.000000,0.007143
1960,Minimalism,280,2,0.007143,0.833333,0.002976
1960,Mod,280,6,0.021429,2.500000,0.008929
1960,Modal Jazz,280,12,0.042857,8.000000,0.028571
1960,Modern Classical,280,1,0.003571,0.500000,0.001786
1960,Musiqueconcrète,280,1,0.003571,0.333333,0.001190
1960,New Orleans R&B,280,1,0.003571,0.333333,0.001190
1960,Noise Rock,280,1,0.003571,0.333333,0.001190
1960,Pop Rock,280,33,0.117857,19.083333,0.068155
1960,Pop Soul,280,2,0.007143,0.833333,0.002976
1960,Post-Bop,280,18,0.064286,14.000000,0.050000
1960,Progressive Electronic,280,1,0.003571,0.333333,0.001190
1960,Progressive Pop,280,5,0.017857,1.833333,0.006548
1960,Progressive Rock,280,5,0.017857,2.833333,0.010119
1960,Proto-Punk,280,4,0.014286,1.833333,0.006548
1960,Psychedelic Folk,280,7,0.025000,3.500000,0.012500
1960,Psychedelic Pop,280,22,0.078571,9.500000,0.033929
1960,Psychedelic Rock,280,54,0.192857,29.916667,0.106845
1960,Psychedelic Soul,280,2,0.007143,0.833333,0.002976
1960,Rhythm & Blues,280,2,0.007143,0.666667,0.002381
1960,Rock,280,3,0.010714,1.500000,0.005357
1960,Rock & Roll,280,2,0.007143,0.666667,0.002381
1960,Rock Opera,280,2,0.007143,1.500000,0.005357
1960,Romanticism,280,1,0.003571,1.000000,0.003571
1960,Roots Rock,280,3,0.010714,1.333333,0.004762
1960,Samba,280,1,0.003571,1.000000,0.003571
1960,Samba-jazz,280,1,0.003571,0.500000,0.001786
1960,Satire,280,2,0.007143,0.833333,0.002976
1960,Singer-Songwriter,280,28,0.100000,12.083333,0.043155
1960,Soul,280,5,0.017857,2.666667,0.009524
1960,Soul Blues,280,2,0.007143,0.833333,0.002976
1960,Sound Collage,280,2,0.007143,0.666667,0.002381
1960,Southern Rock,280,1,0.003571,0.500000,0.001786
1960,Southern Soul,280,4,0.014286,2.500000,0.008929
1960,Spaghetti Western,280,2,0.007143,1.000000,0.003571
1960,Spiritual Jazz,280,6,0.021429,4.000000,0.014286
1960,Sunshine Pop,280,5,0.017857,2.333333,0.008333
1960,Surf Rock,280,3,0.010714,1.333333,0.004762
1960,Swamp Rock,280,4,0.014286,3.500000,0.012500
1960,Symphonic Prog,280,1,0.003571,0.250000,0.000893
1960,Television Music,280,1,0.003571,0.333333,0.001190
1960,Third Stream,280,3,0.010714,1.500000,0.005357
1960,Tropicália,280,4,0.014286,2.333333,0.008333
1960,Vocal Jazz,280,3,0.010714,1.333333,0.004762
1960,Vocal Surf,280,4,0.014286,1.666667,0.005952
1960,Yé-yé,280,1,0.003571,1.000000,0.003571
1970,2Tone,644,2,0.003106,2.000000,0.003106
1970,AOR,644,1,0.001553,0.500000,0.000776
1970,Acid Rock,644,1,0.001553,0.333333,0.000518
1970,Afrobeat,644,4,0.006211,4.000000,0.006211
1970,Ambient,644,11,0.017081,6.666667,0.010352
1970,American Primitivism,644,3,0.004658,3.000000,0.004658
1970,Anarcho-Punk,644,1,0.001553,1.000000,0.001553
1970,Art Pop,644,10,0.015528,5.250000,0.008152
1970,Art Punk,644,17,0.026398,7.500000,0.011646
1970,Art Rock,644,43,0.066770,25.416667,0.039467
1970,Avant-Folk,644,4,0.006211,2.166667,0.003364
1970,Avant-Garde Jazz,644,8,0.012422,4.166667,0.006470
1970,Avant-Prog,644,3,0.004658,1.166667,0.001812
1970,Baroque Pop,644,1,0.001553,0.333333,0.000518
1970,Berlin School,644,5,0.007764,4.500000,0.006988
1970,Blue-Eyed Soul,644,2,0.003106,0.666667,0.001035
1970,Blues Rock,644,17,0.026398,9.833333,0.015269
1970,Bossanova,644,3,0.004658,3.000000,0.004658
1970,Brill Building,644,1,0.001553,0.333333,0.000518
1970,British Folk Rock,644,2,0.003106,1.000000,0.001553
1970,Bulgarian Folk Music,644,1,0.001553,0.333333,0.000518
1970,Canterbury Scene,644,9,0.013975,4.333333,0.006729
1970,Caribbean Folk Music,644,1,0.001553,0.333333,0.000518
1970,Celtic New Age,644,1,0.001553,0.333333,0.000518
1970,Chamber Folk,644,4,0.006211,1.500000,0.002329
1970,Chamber Jazz,644,1,0.001553,1.000000,0.001553
1970,Chamber Music,644,1,0.001553,1.000000,0.001553
1970,Chanson,644,1,0.001553,0.333333,0.000518
1970,Chicago Soul,644,5,0.007764,2.833333,0.004400
1970,Christian Rock,644,1,0.001553,0.500000,0.000776
1970,Cinematic Classical,644,1,0.001553,0.333333,0.000518
1970,City Pop,644,3,0.004658,2.333333,0.003623
1970,Comedy Rock,644,3,0.004658,1.166667,0.001812
1970,Contemporary Folk,644,12,0.018634,4.916667,0.007635
1970,Contemporary R&B,644,1,0.001553,0.500000,0.000776
1970,Country,644,3,0.004658,1.166667,0.001812
1970,Country Rock,644,12,0.018634,4.833333,0.007505
1970,Country Soul,644,1,0.001553,0.500000,0.000776
1970,Dance-Punk,644,1,0.001553,1.000000,0.001553
1970,Disco,644,1,0.001553,0.500000,0.000776
1970,Drone,644,2,0.003106,1.000000,0.001553
1970,Dub,644,1,0.001553,0.500000,0.000776
1970,Electro-Disco,644,2,0.003106,1.500000,0.002329
1970,Electronic,644,8,0.012422,4.666667,0.007246
1970,Euro-Disco,644,1,0.001553,0.500000,0.000776
1970,Europop,644,2,0.003106,1.500000,0.002329
1970,Experimental,644,5,0.007764,3.500000,0.005435
1970,Experimental Big Band,644,1,0.001553,0.333333,0.000518
1970,Experimental Rock,644,24,0.037267,10.083333,0.015657
1970,Film Score,644,3,0.004658,1.166667,0.001812
1970,Film Soundtrack,644,3,0.004658,1.333333,0.002070
1970,Folk Pop,644,6,0.009317,2.416667,0.003753
1970,Folk Rock,644,33,0.051242,15.416667,0.023939
1970,Freak Folk,644,2,0.003106,0.666667,0.001035
1970,Free Folk,644,1,0.001553,0.500000,0.000776
1970,Free Improvisation,644,2,0.003106,0.833333,0.001294
1970,Free Jazz,644,4,0.006211,2.333333,0.003623
1970,French Pop,644,2,0.003106,0.833333,0.001294
1970,Funk,644,8,0.012422,3.500000,0.005435
1970,Funk Rock,644,5,0.007764,3.333333,0.005176
1970,Garage Rock,644,4,0.006211,1.416667,0.002200
1970,Glam Punk,644,1,0.001553,0.333333,0.000518
1970,Glam Rock,644,33,0.051242,16.500000,0.025621
1970,Hard Bop,644,1,0.001553,1.000000,0.001553
1970,Hard Rock,644,93,0.144410,66.250000,0.102873
1970,Hardcore Punk,644,1,0.001553,0.500000,0.000776
1970,Heartland Rock,644,5,0.007764,4.500000,0.006988
1970,Heavy Metal,644,20,0.031056,12.500000,0.019410
1970,Heavy Psych,644,3,0.004658,2.000000,0.003106
1970,Industrial,644,3,0.004658,2.000000,0.003106
1970,Jam Band,644,1,0.001553,0.333333,0.000518
1970,Jazz Fusion,644,19,0.029503,11.000000,0.017081
1970,Jazz Pop,644,2,0.003106,0.833333,0.001294
1970,Jazz-Funk,644,4,0.006211,1.833333,0.002847
1970,Jazz-Rock,644,18,0.027950,8.500000,0.013199
1970,Krautrock,644,26,0.040373,16.666667,0.025880
1970,Latin Rock,644,3,0.004658,2.500000,0.003882
1970,MPB,644,8,0.012422,4.166667,0.006470
1970,Minimal Synth,644,2,0.003106,1.000000,0.001553
1970,Minimalism,644,2,0.003106,1.500000,0.002329
1970,Mod Revival,644,3,0.004658,1.333333,0.002070
1970,Modern Classical,644,1,0.001553,0.500000,0.000776
1970,Modern Creative,644,1,0.001553,0.333333,0.000518
1970,Musical Parody,644,1,0.001553,0.333333,0.000518
1970,Neoclassical New Age,644,1,0.001553,1.000000,0.001553
1970,New Age,644,1,0.001553,0.333333,0.000518
1970,New Music,644,1,0.001553,0.333333,0.000518
1970,New Wave,644,27,0.041925,14.166667,0.021998
1970,No Wave,644,2,0.003106,2.000000,0.003106
1970,Noise,644,1,0.001553,1.000000,0.001553
1970,Noise Rock,644,2,0.003106,0.666667,0.001035
1970,Nyahbinghi,644,1,0.001553,1.000000,0.001553
1970,Orchestral,644,1,0.001553,0.333333,0.000518
1970,Outlaw Country,644,1,0.001553,1.000000,0.001553
1970,P-Funk,644,4,0.006211,3.000000,0.004658
1970,Piano Blues,644,3,0.004658,1.333333,0.002070
1970,Piano Rock,644,10,0.015528,3.916667,0.006082
1970,Polyphonic Chant,644,1,0.001553,0.333333,0.000518
1970,Pop,644,3,0.004658,1.333333,0.002070
1970,Pop Punk,644,1,0.001553,0.500000,0.000776
1970,Pop Rock,644,69,0.107143,40.416667,0.062759
1970,Pop Soul,644,2,0.003106,0.833333,0.001294
1970,Post-Minimalism,644,1,0.001553,1.000000,0.001553
1970,Post-Punk,644,26,0.040373,14.666667,0.022774
1970,Power Pop,644,5,0.007764,2.666667,0.004141
1970,Progressive Electronic,644,14,0.021739,8.333333,0.012940
1970,Progressive Folk,644,4,0.006211,2.333333,0.003623
1970,Progressive Pop,644,10,0.015528,3.750000,0.005823
1970,Progressive Rock,644,86,0.133540,58.500000,0.090839
1970,Proto-Punk,644,7,0.010870,2.583333,0.004011
1970,Psychedelic Folk,644,6,0.009317,2.333333,0.003623
1970,Psychedelic Pop,644,3,0.004658,1.333333,0.002070
1970,Psychedelic Rock,644,20,0.031056,10.000000,0.015528
1970,Psychedelic Soul,644,3,0.004658,1.833333,0.002847
1970,Pub Rock,644,1,0.001553,0.500000,0.000776
1970,Punk Rock,644,19,0.029503,15.500000,0.024068
1970,Rock,644,12,0.018634,7.500000,0.011646
1970,Rock & Roll,644,1,0.001553,0.250000,0.000388
1970,Rock Opera,644,6,0.009317,2.833333,0.004400
1970,Rockin Opposition,644,3,0.004658,2.500000,0.003882
1970,Roots Reggae,644,7,0.010870,6.500000,0.010093
1970,Roots Rock,644,8,0.012422,3.916667,0.006082
1970,Samba,644,1,0.001553,0.500000,0.000776
1970,Samba Soul,644,1,0.001553,0.333333,0.000518
1970,Samba-rock,644,3,0.004658,1.166667,0.001812
1970,Satire,644,1,0.001553,0.333333,0.000518
1970,Singer-Songwriter,644,72,0.111801,32.166667,0.049948
1970,Smooth Soul,644,5,0.007764,4.500000,0.006988
1970,Soft Rock,644,4,0.006211,1.666667,0.002588
1970,Soul,644,11,0.017081,8.333333,0.012940
1970,Soul Blues,644,1,0.001553,0.500000,0.000776
1970,Southern Rock,644,6,0.009317,4.333333,0.006729
1970,Southern Soul,644,3,0.004658,2.500000,0.003882
1970,Space Age Pop,644,1,0.001553,0.500000,0.000776
1970,Space Ambient,644,4,0.006211,2.000000,0.003106
1970,Space Rock,644,8,0.012422,5.000000,0.007764
1970,Spiritual Jazz,644,8,0.012422,6.500000,0.010093
1970,Sunshine Pop,644,1,0.001553,0.500000,0.000776
1970,Swamp Rock,644,1,0.001553,1.000000,0.001553
1970,Symphonic Prog,644,21,0.032609,11.000000,0.017081
1970,Symphonic Rock,644,4,0.006211,1.333333,0.002070
1970,Synth Punk,644,1,0.001553,0.500000,0.000776
1970,Synthpop,644,7,0.010870,4.333333,0.006729
1970,Third Stream,644,1,0.001553,0.333333,0.000518
1970,Tropicália,644,1,0.001553,0.500000,0.000776
1970,Unclassified,644,1,0.001553,1.000000,0.001553
1970,Vocal Jazz,644,1,0.001553,0.333333,0.000518
1970,White Voice,644,1,0.001553,0.333333,0.000518
1970,Yacht Rock,644,1,0.001553,0.333333,0.000518
1970,Zeuhl,644,4,0.006211,3.500000,0.005435
1980,AOR,595,3,0.005042,2.000000,0.003361
1980,Acid House,595,1,0.001681,1.000000,0.001681
1980,Acoustic Rock,595,1,0.001681,0.333333,0.000560
1980,Alt-Country,595,1,0.001681,0.500000,0.000840
1980,Alternative Dance,595,3,0.005042,1.166667,0.001961
1980,Alternative Metal,595,5,0.008403,2.166667,0.003641
1980,Alternative Rock,595,39,0.065546,20.083333,0.033754
1980,Ambient,595,7,0.011765,6.000000,0.010084
1980,Ambient Pop,595,4,0.006723,1.666667,0.002801
1980,Americana,595,1,0.001681,0.333333,0.000560
1980,Anarcho-Punk,595,2,0.003361,1.333333,0.002241
1980,Art Pop,595,23,0.038655,12.583333,0.021148
1980,Art Punk,595,8,0.013445,3.333333,0.005602
1980,Art Rock,595,18,0.030252,10.333333,0.017367
1980,Avant-Folk,595,2,0.003361,0.666667,0.001120
1980,Avant-Garde Jazz,595,1,0.001681,0.500000,0.000840
1980,Avant-Garde Metal,595,1,0.001681,0.500000,0.000840
1980,Baggy/Madchester,595,1,0.001681,1.000000,0.001681
1980,Baroque Music,595,1,0.001681,1.000000,0.001681
1980,Baroque Pop,595,1,0.001681,0.333333,0.000560
1980,Black Metal,595,5,0.008403,3.000000,0.005042
1980,Blue-Eyed Soul,595,1,0.001681,0.500000,0.000840
1980,Blues Rock,595,5,0.008403,2.500000,0.004202
1980,Boom Bap,595,5,0.008403,1.833333,0.003081
1980,Celtic New Age,595,1,0.001681,1.000000,0.001681
1980,Celtic Punk,595,1,0.001681,0.333333,0.000560
1980,Celtic Rock,595,2,0.003361,1.333333,0.002241
1980,Chamber Music,595,2,0.003361,0.833333,0.001401
1980,City Pop,595,1,0.001681,1.000000,0.001681
1980,Coldwave,595,1,0.001681,0.500000,0.000840
1980,Conscious Hip Hop,595,3,0.005042,1.083333,0.001821
1980,Contemporary Folk,595,2,0.003361,0.833333,0.001401
1980,Contemporary R&B,595,6,0.010084,2.333333,0.003922
1980,Country Rock,595,1,0.001681,0.333333,0.000560
1980,Cowpunk,595,3,0.005042,1.333333,0.002241
1980,Crossover Thrash,595,1,0.001681,1.000000,0.001681
1980,D-Beat,595,1,0.001681,1.000000,0.001681
1980,Dance-Pop,595,11,0.018487,4.666667,0.007843
1980,Dark Cabaret,595,1,0.001681,0.500000,0.000840
1980,Darkwave,595,3,0.005042,1.333333,0.002241
1980,Death Industrial,595,1,0.001681,1.000000,0.001681
1980,Death Metal,595,10,0.016807,8.500000,0.014286
1980,Deathgrind,595,1,0.001681,1.000000,0.001681
1980,Deathrock,595,2,0.003361,1.333333,0.002241
1980,Doom Metal,595,1,0.001681,0.500000,0.000840
1980,Dream Pop,595,12,0.020168,5.583333,0.009384
1980,Drone,595,1,0.001681,0.333333,0.000560
1980,Dub,595,1,0.001681,1.000000,0.001681
1980,EBM,595,1,0.001681,0.333333,0.000560
1980,East Coast Hip Hop,595,13,0.021849,6.083333,0.010224
1980,Electric Texas Blues,595,2,0.003361,1.000000,0.001681
1980,Electro-Industrial,595,2,0.003361,1.000000,0.001681
1980,Electroacoustic,595,1,0.001681,0.500000,0.000840
1980,Electronic,595,4,0.006723,1.833333,0.003081
1980,Emocore,595,1,0.001681,1.000000,0.001681
1980,Epic Doom Metal,595,2,0.003361,1.000000,0.001681
1980,Ethereal Wave,595,6,0.010084,2.250000,0.003782
1980,Europop,595,1,0.001681,0.500000,0.000840
1980,Experimental,595,2,0.003361,0.666667,0.001120
1980,Experimental Rock,595,16,0.026891,6.916667,0.011625
1980,Film Score,595,3,0.005042,1.500000,0.002521
1980,Film Soundtrack,595,2,0.003361,0.583333,0.000980
1980,Folk Punk,595,2,0.003361,0.666667,0.001120
1980,Folk Rock,595,4,0.006723,1.583333,0.002661
1980,Free Folk,595,1,0.001681,0.333333,0.000560
1980,Funk,595,1,0.001681,0.333333,0.000560
1980,Funk Metal,595,3,0.005042,1.333333,0.002241
1980,Funk Rock,595,5,0.008403,2.166667,0.003641
1980,Gangsta Rap,595,1,0.001681,0.500000,0.000840
1980,Garage Punk,595,1,0.001681,0.500000,0.000840
1980,Glam Metal,595,8,0.013445,3.833333,0.006443
1980,Goregrind,595,2,0.003361,1.500000,0.002521
1980,Gothic Rock,595,21,0.035294,10.750000,0.018067
1980,Grindcore,595,3,0.005042,3.000000,0.005042
1980,Grunge,595,3,0.005042,1.833333,0.003081
1980,Hard Rock,595,49,0.082353,33.666667,0.056583
1980,Hardcore Hip Hop,595,7,0.011765,2.250000,0.003782
1980,Hardcore Punk,595,18,0.030252,11.333333,0.019048
1980,Heartland Rock,595,4,0.006723,2.000000,0.003361
1980,Heavy Metal,595,58,0.097479,39.333333,0.066106
1980,Hi-NRG,595,1,0.001681,0.333333,0.000560
1980,Horror Punk,595,2,0.003361,1.000000,0.001681
1980,Indie Pop,595,13,0.021849,6.166667,0.010364
1980,Indie Rock,595,5,0.008403,1.750000,0.002941
1980,Industrial,595,11,0.018487,8.000000,0.013445
1980,Industrial Metal,595,2,0.003361,1.000000,0.001681
1980,Industrial Rock,595,8,0.013445,3.166667,0.005322
1980,Jangle Pop,595,21,0.035294,11.000000,0.018487
1980,Jazz Pop,595,1,0.001681,0.500000,0.000840
1980,Jazz-Rock,595,1,0.001681,0.333333,0.000560
1980,Lo-Fi/Slacker Rock,595,5,0.008403,1.750000,0.002941
1980,Math Rock,595,1,0.001681,0.333333,0.000560
1980,Melodic Hardcore,595,2,0.003361,1.000000,0.001681
1980,Mid-School Hip Hop,595,4,0.006723,1.500000,0.002521
1980,Minimal Synth,595,2,0.003361,0.833333,0.001401
1980,Minimal Wave,595,2,0.003361,0.833333,0.001401
1980,Minimalism,595,4,0.006723,2.500000,0.004202
1980,Mod Revival,595,1,0.001681,0.333333,0.000560
1980,Modern Classical,595,2,0.003361,0.833333,0.001401
1980,NWOBHM,595,10,0.016807,4.666667,0.007843
1980,Neo-Prog,595,4,0.006723,4.000000,0.006723
1980,Neo-Psychedelia,595,6,0.010084,2.166667,0.003641
1980,Neoclassical Darkwave,595,3,0.005042,2.500000,0.004202
1980,Neofolk,595,1,0.001681,0.500000,0.000840
1980,Neue Deutsche Welle,595,1,0.001681,0.333333,0.000560
1980,New Age,595,2,0.003361,1.000000,0.001681
1980,New Jack Swing,595,1,0.001681,0.500000,0.000840
1980,New Romantic,595,10,0.016807,4.333333,0.007283
1980,New Wave,595,47,0.078992,23.666667,0.039776
1980,No Wave,595,8,0.013445,3.750000,0.006303
1980,Noise Pop,595,3,0.005042,1.500000,0.002521
1980,Noise Rock,595,24,0.040336,9.666667,0.016246
1980,Paisley Underground,595,1,0.001681,0.500000,0.000840
1980,Political Hip Hop,595,1,0.001681,0.250000,0.000420
1980,Pop,595,6,0.010084,3.166667,0.005322
1980,Pop Rock,595,63,0.105882,35.666667,0.059944
1980,Post-Bop,595,1,0.001681,0.500000,0.000840
1980,Post-Hardcore,595,10,0.016807,5.000000,0.008403
1980,Post-Industrial,595,1,0.001681,0.500000,0.000840
1980,Post-Minimalism,595,1,0.001681,0.333333,0.000560
1980,Post-Punk,595,79,0.132773,49.750000,0.083613
1980,Post-Rock,595,1,0.001681,0.500000,0.000840
1980,Power Metal,595,4,0.006723,3.000000,0.005042
1980,Power Pop,595,2,0.003361,1.000000,0.001681
1980,Progressive Electronic,595,1,0.001681,1.000000,0.001681
1980,Progressive Metal,595,5,0.008403,3.333333,0.005602
1980,Progressive Pop,595,7,0.011765,3.333333,0.005602
1980,Progressive Rock,595,15,0.025210,8.833333,0.014846
1980,Psychedelic Pop,595,2,0.003361,0.833333,0.001401
1980,Psychedelic Rock,595,1,0.001681,0.333333,0.000560
1980,Psychedelic Soul,595,2,0.003361,0.583333,0.000980
1980,Psychobilly,595,2,0.003361,1.000000,0.001681
1980,Punk Blues,595,5,0.008403,2.333333,0.003922
1980,Punk Rock,595,15,0.025210,9.000000,0.015126
1980,Rap Rock,595,1,0.001681,0.333333,0.000560
1980,Rock,595,5,0.008403,2.500000,0.004202
1980,Rock Opera,595,2,0.003361,0.666667,0.001120
1980,Roots Reggae,595,1,0.001681,1.000000,0.001681
1980,Roots Rock,595,1,0.001681,0.250000,0.000420
1980,Satire,595,1,0.001681,0.333333,0.000560
1980,Shoegaze,595,1,0.001681,0.500000,0.000840
1980,Singer-Songwriter,595,19,0.031933,10.416667,0.017507
1980,Skate Punk,595,4,0.006723,2.000000,0.003361
1980,Slowcore,595,2,0.003361,0.833333,0.001401
1980,Sludge Metal,595,3,0.005042,2.000000,0.003361
1980,Smooth Soul,595,2,0.003361,1.000000,0.001681
1980,Soft Rock,595,1,0.001681,0.500000,0.000840
1980,Sophisti-Pop,595,9,0.015126,4.833333,0.008123
1980,Southern Rock,595,1,0.001681,0.500000,0.000840
1980,Space Ambient,595,2,0.003361,2.000000,0.003361
1980,Space Rock,595,1,0.001681,0.333333,0.000560
1980,Space Rock Revival,595,2,0.003361,0.833333,0.001401
1980,Speed Metal,595,7,0.011765,3.166667,0.005322
1980,Surf Punk,595,1,0.001681,0.500000,0.000840
1980,Symphonic Prog,595,1,0.001681,0.500000,0.000840
1980,Synth Funk,595,5,0.008403,3.833333,0.006443
1980,Synth Punk,595,2,0.003361,0.833333,0.001401
1980,Synthpop,595,36,0.060504,20.333333,0.034174
1980,Tape Music,595,1,0.001681,0.500000,0.000840
1980,Technical Thrash Metal,595,5,0.008403,3.500000,0.005882
1980,Thrash Metal,595,40,0.067227,34.000000,0.057143
1980,Totalism,595,1,0.001681,0.250000,0.000420
1980,Traditional Doom Metal,595,5,0.008403,3.000000,0.005042
1980,Tribal Ambient,595,1,0.001681,1.000000,0.001681
1980,Twee Pop,595,3,0.005042,1.333333,0.002241
1980,USPower Metal,595,5,0.008403,2.333333,0.003922
1980,West Coast Hip Hop,595,1,0.001681,0.500000,0.000840
1980,Yacht Rock,595,1,0.001681,0.333333,0.000560
1980,Zolo,595,1,0.001681,0.333333,0.000560
1990,Abstract Hip Hop,875,3,0.003429,1.833333,0.002095
1990,Acid Jazz,875,2,0.002286,1.000000,0.001143
1990,Alt-Country,875,9,0.010286,3.916667,0.004476
1990,Alternative Dance,875,6,0.006857,2.833333,0.003238
1990,Alternative Metal,875,21,0.024000,12.333333,0.014095
1990,Alternative Rock,875,130,0.148571,77.083333,0.088095
1990,Ambient,875,11,0.012571,5.666667,0.006476
1990,Ambient Dub,875,2,0.002286,1.000000,0.001143
1990,Ambient House,875,1,0.001143,0.500000,0.000571
1990,Ambient Pop,875,3,0.003429,1.166667,0.001333
1990,Ambient Techno,875,12,0.013714,6.666667,0.007619
1990,American Primitivism,875,1,0.001143,1.000000,0.001143
1990,Americana,875,7,0.008000,2.750000,0.003143
1990,Anti-Folk,875,1,0.001143,0.333333,0.000381
1990,Art Pop,875,21,0.024000,12.500000,0.014286
1990,Art Punk,875,2,0.002286,0.583333,0.000667
1990,Art Rock,875,17,0.019429,8.833333,0.010095
1990,Atmospheric Black Metal,875,8,0.009143,6.000000,0.006857
1990,Atmospheric Drumand Bass,875,2,0.002286,1.500000,0.001714
1990,Atmospheric Sludge Metal,875,4,0.004571,3.000000,0.003429
1990,Avant-Folk,875,2,0.002286,1.333333,0.001524
1990,Avant-Garde Jazz,875,3,0.003429,1.500000,0.001714
1990,Avant-Garde Metal,875,5,0.005714,2.166667,0.002476
1990,Baggy/Madchester,875,3,0.003429,2.000000,0.002286
1990,Big Beat,875,6,0.006857,5.000000,0.005714
1990,Black Metal,875,20,0.022857,18.000000,0.020571
1990,Blues Rock,875,4,0.004571,1.666667,0.001905
1990,Bolero,875,1,0.001143,0.500000,0.000571
1990,Boom Bap,875,33,0.037714,12.333333,0.014095
1990,Breakbeat,875,1,0.001143,0.500000,0.000571
1990,Breakbeat Hardcore,875,1,0.001143,1.000000,0.001143
1990,Breakcore,875,1,0.001143,0.333333,0.000381
1990,Britpop,875,19,0.021714,12.833333,0.014667
1990,Brutal Death Metal,875,5,0.005714,3.500000,0.004000
1990,Canterbury Scene,875,1,0.001143,0.333333,0.000381
1990,Chamber Folk,875,1,0.001143,0.333333,0.000381
1990,Chamber Pop,875,9,0.010286,4.666667,0.005333
1990,Conscious Hip Hop,875,22,0.025143,7.916667,0.009048
1990,Contemporary Folk,875,3,0.003429,0.916667,0.001048
1990,Contemporary R&B,875,6,0.006857,2.666667,0.003048
1990,Country,875,3,0.003429,1.500000,0.001714
1990,Country Rock,875,2,0.002286,0.666667,0.000762
1990,Crossover Thrash,875,1,0.001143,0.500000,0.000571
1990,Dance-Pop,875,3,0.003429,1.500000,0.001714
1990,Dance-Punk,875,1,0.001143,0.500000,0.000571
1990,Dark Ambient,875,1,0.001143,0.333333,0.000381
1990,Dark Cabaret,875,2,0.002286,0.833333,0.000952
1990,Dark Folk,875,1,0.001143,1.000000,0.001143
1990,Dark Jazz,875,2,0.002286,1.000000,0.001143
1990,Death Doom Metal,875,6,0.006857,4.500000,0.005143
1990,Death Metal,875,29,0.033143,27.000000,0.030857
1990,Death'n'Roll,875,2,0.002286,2.000000,0.002286
1990,Digital Hardcore,875,1,0.001143,1.000000,0.001143
1990,Dirty South,875,1,0.001143,0.333333,0.000381
1990,Djent,875,2,0.002286,1.500000,0.001714
1990,Doom Metal,875,9,0.010286,5.000000,0.005714
1990,Downtempo,875,9,0.010286,5.000000,0.005714
1990,Dream Pop,875,23,0.026286,12.000000,0.013714
1990,Drilland Bass,875,3,0.003429,2.000000,0.002286
1990,Drone,875,5,0.005714,2.750000,0.003143
1990,Drone Metal,875,4,0.004571,2.000000,0.002286
1990,Drumand Bass,875,1,0.001143,0.500000,0.000571
1990,Dub Techno,875,1,0.001143,0.500000,0.000571
1990,Dungeon Synth,875,3,0.003429,2.500000,0.002857
1990,East Coast Hip Hop,875,60,0.068571,27.916667,0.031905
1990,Electro-Industrial,875,1,0.001143,1.000000,0.001143
1990,Electronic,875,7,0.008000,3.166667,0.003619
1990,Emo,875,2,0.002286,0.833333,0.000952
1990,Emo-Pop,875,1,0.001143,0.500000,0.000571
1990,Emoviolence,875,1,0.001143,1.000000,0.001143
1990,Experimental,875,4,0.004571,1.500000,0.001714
1990,Experimental Hip Hop,875,2,0.002286,0.666667,0.000762
1990,Experimental Rock,875,31,0.035429,11.916667,0.013619
1990,Film Score,875,2,0.002286,0.833333,0.000952
1990,Folk Metal,875,1,0.001143,0.500000,0.000571
1990,Folk Rock,875,9,0.010286,4.416667,0.005048
1990,Freak Folk,875,1,0.001143,0.333333,0.000381
1990,French House,875,1,0.001143,1.000000,0.001143
1990,Funk,875,2,0.002286,1.000000,0.001143
1990,Funk Metal,875,7,0.008000,3.500000,0.004000
1990,Funk Rock,875,7,0.008000,2.833333,0.003238
1990,G-Funk,875,3,0.003429,1.000000,0.001143
1990,Gangsta Rap,875,24,0.027429,9.416667,0.010762
1990,Garage Punk,875,1,0.001143,0.500000,0.000571
1990,Garage Rock Revival,875,2,0.002286,0.833333,0.000952
1990,Glam Rock,875,3,0.003429,1.333333,0.001524
1990,Glitch,875,1,0.001143,1.000000,0.001143
1990,Gothic Country,875,1,0.001143,0.500000,0.000571
1990,Gothic Metal,875,12,0.013714,9.500000,0.010857
1990,Gothic Rock,875,2,0.002286,1.500000,0.001714
1990,Grindcore,875,1,0.001143,0.500000,0.000571
1990,Groove Metal,875,11,0.012571,7.333333,0.008381
1990,Grunge,875,20,0.022857,10.833333,0.012381
1990,Hard Rock,875,26,0.029714,16.000000,0.018286
1990,Hardcore Hip Hop,875,18,0.020571,7.000000,0.008000
1990,Hardcore Punk,875,2,0.002286,1.000000,0.001143
1990,Harsh Noise,875,3,0.003429,3.000000,0.003429
1990,Heartland Rock,875,2,0.002286,1.000000,0.001143
1990,Heavy Metal,875,22,0.025143,16.500000,0.018857
1990,Horrorcore,875,3,0.003429,1.166667,0.001333
1990,House,875,1,0.001143,0.500000,0.000571
1990,IDM,875,12,0.013714,8.000000,0.009143
1990,Indie Folk,875,5,0.005714,2.333333,0.002667
1990,Indie Pop,875,18,0.020571,8.666667,0.009905
1990,Indie Rock,875,45,0.051429,27.166667,0.031048
1990,Indietronica,875,2,0.002286,0.833333,0.000952
1990,Industrial Metal,875,8,0.009143,6.000000,0.006857
1990,Industrial Rock,875,7,0.008000,4.166667,0.004762
1990,Instrumental Hip Hop,875,1,0.001143,0.333333,0.000381
1990,Jangle Pop,875,5,0.005714,2.833333,0.003238
1990,Jazz,875,1,0.001143,0.500000,0.000571
1990,Jazz Pop,875,1,0.001143,0.333333,0.000381
1990,Jazz Rap,875,16,0.018286,6.333333,0.007238
1990,Jazz-Rock,875,4,0.004571,2.000000,0.002286
1990,Jazzstep,875,1,0.001143,0.500000,0.000571
1990,Jungle,875,1,0.001143,0.333333,0.000381
1990,Krautrock,875,1,0.001143,0.333333,0.000381
1990,Latin Alternative,875,1,0.001143,1.000000,0.001143
1990,Latin Rock,875,1,0.001143,0.500000,0.000571
1990,Lo-Fi/Slacker Rock,875,20,0.022857,8.666667,0.009905
1990,Mandopop,875,1,0.001143,0.500000,0.000571
1990,Math Rock,875,8,0.009143,3.833333,0.004381
1990,Mathcore,875,2,0.002286,2.000000,0.002286
1990,Melodic Black Metal,875,5,0.005714,4.500000,0.005143
1990,Melodic Death Metal,875,11,0.012571,9.000000,0.010286
1990,Melodic Hardcore,875,1,0.001143,0.333333,0.000381
1990,Memphis Rap,875,3,0.003429,1.166667,0.001333
1990,Metalcore,875,2,0.002286,2.000000,0.002286
1990,Midwest Emo,875,10,0.011429,7.833333,0.008952
1990,Minimal Techno,875,2,0.002286,0.666667,0.000762
1990,Minimalism,875,1,0.001143,1.000000,0.001143
1990,Modern Classical,875,2,0.002286,0.833333,0.000952
1990,Musiqueconcrète,875,1,0.001143,0.250000,0.000286
1990,Neo-Medieval Folk,875,1,0.001143,0.500000,0.000571
1990,Neo-Psychedelia,875,33,0.037714,13.250000,0.015143
1990,Neo-Soul,875,3,0.003429,2.333333,0.002667
1990,Neoclassical Darkwave,875,2,0.002286,1.500000,0.001714
1990,Neoclassical Metal,875,1,0.001143,0.500000,0.000571
1990,Neofolk,875,4,0.004571,4.000000,0.004571
1990,Neue Deutsche Härte,875,2,0.002286,1.500000,0.001714
1990,New Jack Swing,875,1,0.001143,0.333333,0.000381
1990,Noise,875,1,0.001143,0.250000,0.000286
1990,Noise Pop,875,17,0.019429,7.416667,0.008476
1990,Noise Rock,875,22,0.025143,9.000000,0.010286
1990,Noisecore,875,1,0.001143,0.333333,0.000381
1990,Nu Jazz,875,2,0.002286,1.000000,0.001143
1990,Nu Metal,875,11,0.012571,7.166667,0.008190
1990,Orchestral,875,1,0.001143,0.333333,0.000381
1990,Pagan Black Metal,875,1,0.001143,0.500000,0.000571
1990,Piano Rock,875,5,0.005714,2.333333,0.002667
1990,Plunderphonics,875,2,0.002286,0.583333,0.000667
1990,Political Hip Hop,875,7,0.008000,2.083333,0.002381
1990,Pop,875,4,0.004571,1.833333,0.002095
1990,Pop Punk,875,11,0.012571,6.166667,0.007048
1990,Pop Rock,875,22,0.025143,11.166667,0.012762
1990,Post-Bop,875,1,0.001143,0.500000,0.000571
1990,Post-Grunge,875,6,0.006857,2.833333,0.003238
1990,Post-Hardcore,875,26,0.029714,17.500000,0.020000
1990,Post-Industrial,875,4,0.004571,1.500000,0.001714
1990,Post-Punk,875,5,0.005714,2.083333,0.002381
1990,Post-Rock,875,21,0.024000,14.583333,0.016667
1990,Power Metal,875,8,0.009143,5.833333,0.006667
1990,Power Pop,875,8,0.009143,3.833333,0.004381
1990,Progressive House,875,2,0.002286,1.500000,0.001714
1990,Progressive Metal,875,20,0.022857,13.166667,0.015048
1990,Progressive Pop,875,3,0.003429,1.166667,0.001333
1990,Progressive Rock,875,13,0.014857,8.750000,0.010000
1990,Psychedelic Folk,875,2,0.002286,0.666667,0.000762
1990,Psychedelic Pop,875,5,0.005714,2.166667,0.002476
1990,Psychedelic Rock,875,4,0.004571,1.500000,0.001714
1990,Punk Blues,875,2,0.002286,0.583333,0.000667
1990,Punk Rock,875,11,0.012571,5.333333,0.006095
1990,Rap Metal,875,5,0.005714,2.333333,0.002667
1990,Rap Rock,875,1,0.001143,0.333333,0.000381
1990,Riot Grrrl,875,3,0.003429,2.000000,0.002286
1990,Rock,875,2,0.002286,1.000000,0.001143
1990,Rock Opera,875,1,0.001143,0.500000,0.000571
1990,Roots Rock,875,1,0.001143,0.333333,0.000381
1990,Shibuya-kei,875,2,0.002286,0.666667,0.000762
1990,Shoegaze,875,21,0.024000,11.166667,0.012762
1990,Singer-Songwriter,875,45,0.051429,21.166667,0.024190
1990,Ska Punk,875,2,0.002286,0.833333,0.000952
1990,Skate Punk,875,7,0.008000,3.500000,0.004000
1990,Slowcore,875,14,0.016000,9.833333,0.011238
1990,Sludge Metal,875,10,0.011429,8.000000,0.009143
1990,Smooth Soul,875,1,0.001143,0.500000,0.000571
1990,Soncubano,875,1,0.001143,0.500000,0.000571
1990,Sophisti-Pop,875,2,0.002286,1.000000,0.001143
1990,Sound Collage,875,1,0.001143,0.250000,0.000286
1990,Southern Hip Hop,875,9,0.010286,5.000000,0.005714
1990,Southern Metal,875,1,0.001143,0.500000,0.000571
1990,Southern Rock,875,1,0.001143,0.333333,0.000381
1990,Space Rock,875,4,0.004571,1.333333,0.001524
1990,Space Rock Revival,875,6,0.006857,1.833333,0.002095
1990,Stoner Metal,875,9,0.010286,4.500000,0.005143
1990,Stoner Rock,875,7,0.008000,4.000000,0.004571
1990,Symphonic Black Metal,875,7,0.008000,5.000000,0.005714
1990,Symphonic Metal,875,2,0.002286,0.833333,0.000952
1990,Symphonic Prog,875,1,0.001143,0.500000,0.000571
1990,Symphony,875,1,0.001143,0.500000,0.000571
1990,Synthpop,875,7,0.008000,4.333333,0.004952
1990,Technical Death Metal,875,15,0.017143,10.000000,0.011429
1990,Technical Thrash Metal,875,2,0.002286,1.500000,0.001714
1990,Techno,875,3,0.003429,2.500000,0.002857
1990,Teen Pop,875,1,0.001143,0.500000,0.000571
1990,Television Music,875,2,0.002286,1.000000,0.001143
1990,Third Wave Ska,875,2,0.002286,0.666667,0.000762
1990,Thrash Metal,875,14,0.016000,11.500000,0.013143
1990,Trip Hop,875,10,0.011429,9.000000,0.010286
1990,Turntable Music,875,1,0.001143,0.250000,0.000286
1990,Twee Pop,875,6,0.006857,2.833333,0.003238
1990,USPower Metal,875,1,0.001143,0.333333,0.000381
1990,Viking Metal,875,3,0.003429,2.500000,0.002857
1990,War Metal,875,1,0.001143,1.000000,0.001143
1990,West Coast Hip Hop,875,17,0.019429,6.500000,0.007429
1990,Zolo,875,1,0.001143,0.250000,0.000286
2000,Abstract Hip Hop,1061,20,0.018850,8.500000,0.008011
2000,Acappella,1061,1,0.000943,0.333333,0.000314
2000,Acoustic Rock,1061,7,0.006598,2.416667,0.002278
2000,Alt-Country,1061,9,0.008483,3.666667,0.003456
2000,Alt-Pop,1061,1,0.000943,0.333333,0.000314
2000,Alternative Dance,1061,6,0.005655,2.250000,0.002121
2000,Alternative Metal,1061,32,0.030160,21.166667,0.019950
2000,Alternative Rock,1061,124,0.116871,73.250000,0.069039
2000,Ambient,1061,19,0.017908,11.000000,0.010368
2000,Ambient Pop,1061,6,0.005655,2.666667,0.002513
2000,Ambient Techno,1061,1,0.000943,0.333333,0.000314
2000,Americana,1061,7,0.006598,3.250000,0.003063
2000,Anti-Folk,1061,3,0.002828,1.333333,0.001257
2000,Art Pop,1061,28,0.026390,13.083333,0.012331
2000,Art Punk,1061,2,0.001885,2.000000,0.001885
2000,Art Rock,1061,36,0.033930,17.000000,0.016023
2000,Atmospheric Black Metal,1061,12,0.011310,7.833333,0.007383
2000,Atmospheric Sludge Metal,1061,13,0.012253,6.833333,0.006440
2000,Avant-Folk,1061,7,0.006598,3.166667,0.002985
2000,Avant-Garde Metal,1061,8,0.007540,3.500000,0.003299
2000,Baroque Pop,1061,2,0.001885,0.833333,0.000785
2000,Big Beat,1061,4,0.003770,3.500000,0.003299
2000,Bitpop,1061,1,0.000943,0.500000,0.000471
2000,Black Metal,1061,11,0.010368,7.333333,0.006912
2000,Blackgaze,1061,2,0.001885,0.833333,0.000785
2000,Blues Rock,1061,13,0.012253,7.666667,0.007226
2000,Boom Bap,1061,4,0.003770,1.416667,0.001335
2000,Breakbeat,1061,1,0.000943,0.500000,0.000471
2000,Breakcore,1061,1,0.000943,0.333333,0.000314
2000,Britpop,1061,4,0.003770,2.333333,0.002199
2000,Chamber Folk,1061,7,0.006598,3.000000,0.002828
2000,Chamber Pop,1061,19,0.017908,7.916667,0.007462
2000,Chillwave,1061,1,0.000943,0.500000,0.000471
2000,Chipmunk Soul,1061,2,0.001885,1.000000,0.000943
2000,Christian Rock,1061,1,0.000943,0.333333,0.000314
2000,Cinematic Classical,1061,3,0.002828,1.000000,0.000943
2000,Cloud Rap,1061,1,0.000943,0.250000,0.000236
2000,Comedy Rock,1061,2,0.001885,0.666667,0.000628
2000,Conscious Hip Hop,1061,13,0.012253,7.750000,0.007304
2000,Contemporary Folk,1061,20,0.018850,9.416667,0.008875
2000,Contemporary R&B,1061,10,0.009425,5.500000,0.005184
2000,Country,1061,2,0.001885,1.000000,0.000943
2000,Country Pop,1061,2,0.001885,1.500000,0.001414
2000,Country Rock,1061,1,0.000943,0.500000,0.000471
2000,Dance,1061,1,0.000943,0.500000,0.000471
2000,Dance-Pop,1061,14,0.013195,7.166667,0.006755
2000,Dance-Punk,1061,8,0.007540,4.166667,0.003927
2000,Dark Ambient,1061,2,0.001885,0.666667,0.000628
2000,Dark Cabaret,1061,2,0.001885,0.666667,0.000628
2000,Dark Folk,1061,1,0.000943,1.000000,0.000943
2000,Dark Jazz,1061,2,0.001885,2.000000,0.001885
2000,Death Doom Metal,1061,2,0.001885,1.000000,0.000943
2000,Death Metal,1061,13,0.012253,9.500000,0.008954
2000,Deathcore,1061,1,0.000943,1.000000,0.000943
2000,Deep House,1061,2,0.001885,1.500000,0.001414
2000,Depressive Black Metal,1061,2,0.001885,1.500000,0.001414
2000,Djent,1061,3,0.002828,2.500000,0.002356
2000,Doom Metal,1061,5,0.004713,3.500000,0.003299
2000,Downtempo,1061,5,0.004713,3.333333,0.003142
2000,Dream Pop,1061,22,0.020735,10.666667,0.010053
2000,Drilland Bass,1061,4,0.003770,1.833333,0.001728
2000,Drone,1061,12,0.011310,5.583333,0.005262
2000,Drone Metal,1061,6,0.005655,2.083333,0.001964
2000,Drumand Bass,1061,1,0.000943,1.000000,0.000943
2000,Dubstep,1061,2,0.001885,1.000000,0.000943
2000,East Coast Hip Hop,1061,32,0.030160,16.666667,0.015708
2000,Electro House,1061,1,0.000943,1.000000,0.000943
2000,Electroclash,1061,3,0.002828,1.333333,0.001257
2000,Electronic,1061,26,0.024505,11.000000,0.010368
2000,Electropop,1061,18,0.016965,9.000000,0.008483
2000,Emo,1061,7,0.006598,3.333333,0.003142
2000,Emo-Pop,1061,11,0.010368,4.833333,0.004555
2000,Emoviolence,1061,2,0.001885,1.500000,0.001414
2000,Experimental,1061,13,0.012253,5.833333,0.005498
2000,Experimental Hip Hop,1061,15,0.014138,5.416667,0.005105
2000,Experimental Rock,1061,21,0.019793,9.750000,0.009189
2000,Film Score,1061,4,0.003770,1.333333,0.001257
2000,Film Soundtrack,1061,4,0.003770,1.666667,0.001571
2000,Folk Metal,1061,7,0.006598,3.833333,0.003613
2000,Folk Pop,1061,4,0.003770,1.666667,0.001571
2000,Folk Punk,1061,3,0.002828,1.500000,0.001414
2000,Folk Rock,1061,12,0.011310,5.166667,0.004870
2000,Folktronica,1061,7,0.006598,3.666667,0.003456
2000,Freak Folk,1061,1,0.000943,0.333333,0.000314
2000,Free Folk,1061,1,0.000943,0.333333,0.000314
2000,French House,1061,1,0.000943,1.000000,0.000943
2000,Funeral Doom Metal,1061,1,0.000943,1.000000,0.000943
2000,Funk Rock,1061,1,0.000943,1.000000,0.000943
2000,Future Garage,1061,2,0.001885,1.000000,0.000943
2000,Gangsta Rap,1061,7,0.006598,3.083333,0.002906
2000,Garage Punk,1061,2,0.001885,1.500000,0.001414
2000,Garage Rock,1061,3,0.002828,1.166667,0.001100
2000,Garage Rock Revival,1061,21,0.019793,10.333333,0.009739
2000,Glam Rock,1061,1,0.000943,0.333333,0.000314
2000,Glitch,1061,6,0.005655,3.833333,0.003613
2000,Glitch Hop,1061,1,0.000943,0.500000,0.000471
2000,Glitch Pop,1061,3,0.002828,1.166667,0.001100
2000,Gothic Country,1061,2,0.001885,1.000000,0.000943
2000,Gothic Metal,1061,2,0.001885,1.000000,0.000943
2000,Gothic Rock,1061,1,0.000943,0.500000,0.000471
2000,Grime,1061,1,0.000943,1.000000,0.000943
2000,Grindcore,1061,4,0.003770,4.000000,0.003770
2000,Groove Metal,1061,5,0.004713,4.000000,0.003770
2000,Grunge,1061,1,0.000943,0.500000,0.000471
2000,Hard Rock,1061,21,0.019793,12.916667,0.012174
2000,Hardcore Hip Hop,1061,10,0.009425,5.000000,0.004713
2000,Heartland Rock,1061,4,0.003770,1.500000,0.001414
2000,Heavy Metal,1061,12,0.011310,10.500000,0.009896
2000,Hip Hop,1061,6,0.005655,5.000000,0.004713
2000,Hypnagogic Pop,1061,3,0.002828,1.333333,0.001257
2000,IDM,1061,13,0.012253,7.500000,0.007069
2000,Indie Folk,1061,32,0.030160,14.000000,0.013195
2000,Indie Pop,1061,65,0.061263,32.950000,0.031056
2000,Indie Rock,1061,123,0.115928,70.750000,0.066682
2000,Indie Surf,1061,1,0.000943,0.333333,0.000314
2000,Indietronica,1061,26,0.024505,11.200000,0.010556
2000,Industrial Hip Hop,1061,2,0.001885,0.583333,0.000550
2000,Industrial Metal,1061,6,0.005655,3.500000,0.003299
2000,Industrial Rock,1061,7,0.006598,3.500000,0.003299
2000,Instrumental Hip Hop,1061,8,0.007540,4.833333,0.004555
2000,J-Pop,1061,1,0.000943,0.333333,0.000314
2000,J-Rock,1061,3,0.002828,1.166667,0.001100
2000,Jazz Pop,1061,2,0.001885,1.000000,0.000943
2000,Jazz Rap,1061,5,0.004713,1.833333,0.001728
2000,Lo-Fi/Slacker Rock,1061,3,0.002828,1.000000,0.000943
2000,Mashup,1061,2,0.001885,0.833333,0.000785
2000,Math Rock,1061,10,0.009425,6.166667,0.005812
2000,Mathcore,1061,7,0.006598,4.500000,0.004241
2000,Melodic Black Metal,1061,1,0.000943,1.000000,0.000943
2000,Melodic Death Metal,1061,15,0.014138,12.500000,0.011781
2000,Melodic Hardcore,1061,4,0.003770,2.000000,0.001885
2000,Melodic Metalcore,1061,7,0.006598,6.000000,0.005655
2000,Metalcore,1061,8,0.007540,4.833333,0.004555
2000,Microhouse,1061,2,0.001885,0.833333,0.000785
2000,Microsound,1061,1,0.000943,0.500000,0.000471
2000,Midwest Emo,1061,6,0.005655,3.833333,0.003613
2000,Minimal Synth,1061,1,0.000943,0.333333,0.000314
2000,Minimal Techno,1061,1,0.000943,0.500000,0.000471
2000,Minimalism,1061,4,0.003770,1.333333,0.001257
2000,Modern Classical,1061,7,0.006598,3.500000,0.003299
2000,Neo-Psychedelia,1061,30,0.028275,12.866667,0.012127
2000,Neo-Soul,1061,5,0.004713,4.333333,0.004084
2000,Neofolk,1061,1,0.000943,1.000000,0.000943
2000,Neue Deutsche Härte,1061,4,0.003770,3.000000,0.002828
2000,New Rave,1061,6,0.005655,2.083333,0.001964
2000,Noise,1061,2,0.001885,0.833333,0.000785
2000,Noise Pop,1061,6,0.005655,2.666667,0.002513
2000,Noise Rock,1061,18,0.016965,10.083333,0.009504
2000,Nu Jazz,1061,1,0.000943,0.333333,0.000314
2000,Nu Metal,1061,14,0.013195,7.166667,0.006755
2000,Nu-Disco,1061,2,0.001885,1.000000,0.000943
2000,Orchestral,1061,1,0.000943,0.333333,0.000314
2000,Pagan Black Metal,1061,5,0.004713,2.166667,0.002042
2000,Piano Rock,1061,6,0.005655,2.833333,0.002670
2000,Picopop,1061,1,0.000943,0.333333,0.000314
2000,Plunderphonics,1061,2,0.001885,1.000000,0.000943
2000,Pop,1061,9,0.008483,4.500000,0.004241
2000,Pop Punk,1061,19,0.017908,9.833333,0.009268
2000,Pop Rap,1061,10,0.009425,5.500000,0.005184
2000,Pop Reggae,1061,1,0.000943,0.500000,0.000471
2000,Pop Rock,1061,46,0.043355,23.500000,0.022149
2000,Pop Soul,1061,2,0.001885,1.333333,0.001257
2000,Post-Grunge,1061,10,0.009425,4.583333,0.004320
2000,Post-Hardcore,1061,24,0.022620,13.166667,0.012410
2000,Post-Industrial,1061,10,0.009425,3.500000,0.003299
2000,Post-Metal,1061,20,0.018850,9.250000,0.008718
2000,Post-Punk,1061,7,0.006598,3.333333,0.003142
2000,Post-Punk Revival,1061,18,0.016965,9.500000,0.008954
2000,Post-Rock,1061,40,0.037700,32.000000,0.030160
2000,Power Electronics,1061,1,0.000943,1.000000,0.000943
2000,Power Metal,1061,12,0.011310,7.000000,0.006598
2000,Power Noise,1061,1,0.000943,0.500000,0.000471
2000,Power Pop,1061,10,0.009425,4.666667,0.004398
2000,Progressive Folk,1061,1,0.000943,0.333333,0.000314
2000,Progressive Metal,1061,50,0.047125,33.666667,0.031731
2000,Progressive Pop,1061,10,0.009425,3.750000,0.003534
2000,Progressive Rock,1061,26,0.024505,16.333333,0.015394
2000,Psychedelia,1061,1,0.000943,0.250000,0.000236
2000,Psychedelic Folk,1061,10,0.009425,5.000000,0.004713
2000,Psychedelic Pop,1061,18,0.016965,7.033333,0.006629
2000,Psychedelic Rock,1061,4,0.003770,1.416667,0.001335
2000,Pub Rock,1061,1,0.000943,0.333333,0.000314
2000,Punk Blues,1061,1,0.000943,0.500000,0.000471
2000,Punk Rock,1061,5,0.004713,2.333333,0.002199
2000,Rap Metal,1061,2,0.001885,0.833333,0.000785
2000,Rap Rock,1061,6,0.005655,2.666667,0.002513
2000,Rhythm & Blues,1061,2,0.001885,0.666667,0.000628
2000,Ritual Ambient,1061,1,0.000943,0.333333,0.000314
2000,Rock,1061,1,0.000943,1.000000,0.000943
2000,Rock Opera,1061,3,0.002828,1.166667,0.001100
2000,Sasscore,1061,3,0.002828,1.500000,0.001414
2000,Screamo,1061,6,0.005655,3.833333,0.003613
2000,Shibuya-kei,1061,3,0.002828,1.166667,0.001100
2000,Shoegaze,1061,13,0.012253,5.333333,0.005027
2000,Singer-Songwriter,1061,75,0.070688,31.750000,0.029925
2000,Ska Punk,1061,1,0.000943,0.500000,0.000471
2000,Skate Punk,1061,4,0.003770,1.833333,0.001728
2000,Slowcore,1061,9,0.008483,5.833333,0.005498
2000,Sludge Metal,1061,10,0.009425,5.166667,0.004870
2000,Soft Rock,1061,1,0.000943,0.500000,0.000471
2000,Soul,1061,2,0.001885,0.666667,0.000628
2000,Soul Jazz,1061,1,0.000943,0.333333,0.000314
2000,Sound Collage,1061,1,0.000943,0.500000,0.000471
2000,Southern Hip Hop,1061,9,0.008483,5.083333,0.004791
2000,Southern Rock,1061,3,0.002828,1.500000,0.001414
2000,Stoner Metal,1061,10,0.009425,5.333333,0.005027
2000,Stoner Rock,1061,6,0.005655,2.833333,0.002670
2000,Symphonic Black Metal,1061,4,0.003770,3.000000,0.002828
2000,Symphonic Metal,1061,6,0.005655,2.833333,0.002670
2000,Symphonic Rock,1061,1,0.000943,0.500000,0.000471
2000,Synth Punk,1061,1,0.000943,0.500000,0.000471
2000,Synthpop,1061,17,0.016023,8.866667,0.008357
2000,Tape Music,1061,4,0.003770,1.333333,0.001257
2000,Tech House,1061,1,0.000943,0.500000,0.000471
2000,Technical Death Metal,1061,5,0.004713,4.500000,0.004241
2000,Technical Thrash Metal,1061,1,0.000943,1.000000,0.000943
2000,Techno,1061,1,0.000943,1.000000,0.000943
2000,Teen Pop,1061,1,0.000943,0.500000,0.000471
2000,Television Music,1061,1,0.000943,0.500000,0.000471
2000,Third Wave Ska,1061,1,0.000943,0.500000,0.000471
2000,Thrash Metal,1061,8,0.007540,6.000000,0.005655
2000,Trip Hop,1061,4,0.003770,3.000000,0.002828
2000,Twee Pop,1061,5,0.004713,2.000000,0.001885
2000,UKGarage,1061,1,0.000943,0.500000,0.000471
2000,UKHip Hop,1061,4,0.003770,2.500000,0.002356
2000,Video Game Music,1061,2,0.001885,0.833333,0.000785
2000,Viking Metal,1061,1,0.000943,0.500000,0.000471
2000,Vocal Jazz,1061,2,0.001885,0.833333,0.000785
2000,West Coast Hip Hop,1061,8,0.007540,3.166667,0.002985
2000,Wonky,1061,2,0.001885,1.000000,0.000943
2010,Abstract Hip Hop,1231,36,0.029245,15.116667,0.012280
2010,Acid House,1231,1,0.000812,0.500000,0.000406
2010,Acid Jazz,1231,1,0.000812,0.250000,0.000203
2010,Acid Rock,1231,1,0.000812,0.333333,0.000271
2010,Adult Contemporary,1231,2,0.001625,1.000000,0.000812
2010,Afro-Jazz,1231,1,0.000812,1.000000,0.000812
2010,Alt-Country,1231,3,0.002437,1.166667,0.000948
2010,Alt-Pop,1231,24,0.019496,11.083333,0.009004
2010,Alternative Dance,1231,7,0.005686,2.750000,0.002234
2010,Alternative Metal,1231,9,0.007311,6.500000,0.005280
2010,Alternative R&B,1231,49,0.039805,24.000000,0.019496
2010,Alternative Rock,1231,39,0.031682,25.166667,0.020444
2010,Ambient,1231,34,0.027620,16.666667,0.013539
2010,Ambient Dub,1231,5,0.004062,3.500000,0.002843
2010,Ambient House,1231,1,0.000812,0.500000,0.000406
2010,Ambient Pop,1231,21,0.017059,8.750000,0.007108
2010,Ambient Techno,1231,4,0.003249,2.000000,0.001625
2010,Americana,1231,3,0.002437,1.166667,0.000948
2010,Anti-Folk,1231,1,0.000812,0.333333,0.000271
2010,Art Pop,1231,93,0.075548,47.666667,0.038722
2010,Art Punk,1231,10,0.008123,4.500000,0.003656
2010,Art Rock,1231,34,0.027620,18.166667,0.014758
2010,Atmospheric Black Metal,1231,10,0.008123,6.833333,0.005551
2010,Atmospheric Sludge Metal,1231,5,0.004062,3.333333,0.002708
2010,Avant-Folk,1231,5,0.004062,2.333333,0.001895
2010,Avant-Garde Jazz,1231,1,0.000812,0.500000,0.000406
2010,Avant-Garde Metal,1231,7,0.005686,3.333333,0.002708
2010,Balearic Beat,1231,1,0.000812,1.000000,0.000812
2010,Baroque Pop,1231,3,0.002437,1.333333,0.001083
2010,Bedroom Pop,1231,13,0.010561,5.750000,0.004671
2010,Black Metal,1231,15,0.012185,11.500000,0.009342
2010,Black'n'Roll,1231,1,0.000812,0.500000,0.000406
2010,Blackgaze,1231,10,0.008123,4.333333,0.003520
2010,Blues Rock,1231,7,0.005686,4.333333,0.003520
2010,Boogie Rock,1231,1,0.000812,0.500000,0.000406
2010,Boom Bap,1231,3,0.002437,1.500000,0.001219
2010,Breakbeat,1231,1,0.000812,0.500000,0.000406
2010,British Dance Band,1231,1,0.000812,0.333333,0.000271
2010,Brostep,1231,1,0.000812,0.500000,0.000406
2010,Bubblegum Bass,1231,4,0.003249,2.500000,0.002031
2010,Chamber Folk,1231,7,0.005686,3.333333,0.002708
2010,Chamber Music,1231,1,0.000812,0.500000,0.000406
2010,Chamber Pop,1231,13,0.010561,6.666667,0.005416
2010,Chillwave,1231,8,0.006499,4.666667,0.003791
2010,Christian Hip Hop,1231,1,0.000812,1.000000,0.000812
2010,Cloud Rap,1231,14,0.011373,6.916667,0.005619
2010,Coldwave,1231,2,0.001625,1.500000,0.001219
2010,Comedy Rap,1231,1,0.000812,0.333333,0.000271
2010,Comedy Rock,1231,1,0.000812,0.333333,0.000271
2010,Conscious Hip Hop,1231,32,0.025995,16.250000,0.013201
2010,Contemporary Folk,1231,11,0.008936,5.166667,0.004197
2010,Contemporary R&B,1231,32,0.025995,16.166667,0.013133
2010,Country Pop,1231,1,0.000812,0.500000,0.000406
2010,Country Rock,1231,2,0.001625,0.833333,0.000677
2010,Country Soul,1231,1,0.000812,0.333333,0.000271
2010,Dance-Pop,1231,18,0.014622,8.333333,0.006770
2010,Dance-Punk,1231,4,0.003249,2.333333,0.001895
2010,Dark Ambient,1231,5,0.004062,1.700000,0.001381
2010,Dark Folk,1231,1,0.000812,0.333333,0.000271
2010,Darksynth,1231,1,0.000812,0.333333,0.000271
2010,Darkwave,1231,4,0.003249,1.833333,0.001489
2010,Death Industrial,1231,3,0.002437,1.500000,0.001219
2010,Death Metal,1231,6,0.004874,4.000000,0.003249
2010,Deathgrind,1231,2,0.001625,2.000000,0.001625
2010,Deconstructed Club,1231,6,0.004874,2.533333,0.002058
2010,Deep House,1231,4,0.003249,3.000000,0.002437
2010,Digital Hardcore,1231,2,0.001625,2.000000,0.001625
2010,Dirty South,1231,3,0.002437,0.916667,0.000745
2010,Disco,1231,1,0.000812,0.500000,0.000406
2010,Djent,1231,2,0.001625,1.000000,0.000812
2010,Doom Metal,1231,4,0.003249,1.833333,0.001489
2010,Downtempo,1231,5,0.004062,3.333333,0.002708
2010,Dream Pop,1231,35,0.028432,18.416667,0.014961
2010,Dreampunk,1231,2,0.001625,0.833333,0.000677
2010,Drill,1231,1,0.000812,0.500000,0.000406
2010,Drone,1231,11,0.008936,5.250000,0.004265
2010,Drone Metal,1231,3,0.002437,2.500000,0.002031
2010,Drumless,1231,2,0.001625,0.583333,0.000474
2010,Dub Techno,1231,2,0.001625,1.000000,0.000812
2010,East Coast Hip Hop,1231,39,0.031682,20.083333,0.016315
2010,Electro House,1231,1,0.000812,0.500000,0.000406
2010,Electro-Disco,1231,1,0.000812,0.500000,0.000406
2010,Electro-Industrial,1231,7,0.005686,4.250000,0.003452
2010,Electroacoustic,1231,3,0.002437,1.166667,0.000948
2010,Electroclash,1231,1,0.000812,0.250000,0.000203
2010,Electronic,1231,20,0.016247,8.833333,0.007176
2010,Electronic Dance Music,1231,3,0.002437,1.083333,0.000880
2010,Electropop,1231,54,0.043867,27.166667,0.022069
2010,Emo,1231,6,0.004874,3.500000,0.002843
2010,Emo Rap,1231,9,0.007311,4.750000,0.003859
2010,Emo-Pop,1231,3,0.002437,1.500000,0.001219
2010,Epic Collage,1231,1,0.000812,0.333333,0.000271
2010,Ethereal Wave,1231,4,0.003249,1.666667,0.001354
2010,Experimental,1231,9,0.007311,4.333333,0.003520
2010,Experimental Big Band,1231,1,0.000812,1.000000,0.000812
2010,Experimental Hip Hop,1231,37,0.030057,15.033333,0.012212
2010,Experimental Rock,1231,23,0.018684,10.666667,0.008665
2010,Film Score,1231,8,0.006499,3.500000,0.002843
2010,Film Soundtrack,1231,1,0.000812,0.500000,0.000406
2010,Flamenco Pop,1231,1,0.000812,0.333333,0.000271
2010,Flamenconuevo,1231,2,0.001625,1.333333,0.001083
2010,Folk Pop,1231,4,0.003249,1.833333,0.001489
2010,Folk Punk,1231,2,0.001625,0.833333,0.000677
2010,Folk Rock,1231,5,0.004062,2.500000,0.002031
2010,Folktronica,1231,3,0.002437,1.000000,0.000812
2010,Footwork,1231,4,0.003249,2.250000,0.001828
2010,Footwork Jungle,1231,1,0.000812,0.250000,0.000203
2010,Free Jazz,1231,1,0.000812,0.500000,0.000406
2010,Funeral Doom Metal,1231,1,0.000812,1.000000,0.000812
2010,Funk,1231,4,0.003249,1.500000,0.001219
2010,Funktronica,1231,1,0.000812,0.333333,0.000271
2010,Funky House,1231,1,0.000812,0.500000,0.000406
2010,Future Bass,1231,3,0.002437,1.000000,0.000812
2010,Future Funk,1231,1,0.000812,1.000000,0.000812
2010,Future Garage,1231,3,0.002437,2.500000,0.002031
2010,Futurepop,1231,1,0.000812,0.500000,0.000406
2010,Gangsta Rap,1231,14,0.011373,7.583333,0.006160
2010,Garage Punk,1231,6,0.004874,3.000000,0.002437
2010,Garage Rock,1231,12,0.009748,5.500000,0.004468
2010,Garage Rock Revival,1231,1,0.000812,0.500000,0.000406
2010,Glitch,1231,5,0.004062,2.033333,0.001652
2010,Glitch Hop,1231,10,0.008123,3.866667,0.003141
2010,Glitch Pop,1231,16,0.012998,8.166667,0.006634
2010,Gothic Country,1231,1,0.000812,0.333333,0.000271
2010,Gothic Rock,1231,4,0.003249,1.833333,0.001489
2010,Grime,1231,1,0.000812,0.500000,0.000406
2010,Grindcore,1231,5,0.004062,2.833333,0.002302
2010,Groove Metal,1231,1,0.000812,0.500000,0.000406
2010,Grunge,1231,1,0.000812,0.500000,0.000406
2010,Hard Rock,1231,8,0.006499,5.000000,0.004062
2010,Hardcore Breaks,1231,2,0.001625,0.750000,0.000609
2010,Hardcore Hip Hop,1231,28,0.022746,14.500000,0.011779
2010,Hardcore Punk,1231,3,0.002437,1.833333,0.001489
2010,Heartland Rock,1231,2,0.001625,0.833333,0.000677
2010,Heavy Metal,1231,13,0.010561,10.500000,0.008530
2010,Heavy Psych,1231,4,0.003249,2.333333,0.001895
2010,Hip Hop,1231,8,0.006499,5.500000,0.004468
2010,Hip House,1231,1,0.000812,0.500000,0.000406
2010,Horror Synth,1231,1,0.000812,0.333333,0.000271
2010,Horrorcore,1231,2,0.001625,0.833333,0.000677
2010,House,1231,2,0.001625,0.833333,0.000677
2010,Hyperpop,1231,2,0.001625,1.500000,0.001219
2010,Hypnagogic Pop,1231,11,0.008936,5.666667,0.004603
2010,IDM,1231,13,0.010561,8.500000,0.006905
2010,Indie Folk,1231,22,0.017872,10.833333,0.008800
2010,Indie Pop,1231,46,0.037368,24.500000,0.019903
2010,Indie Rock,1231,85,0.069050,55.000000,0.044679
2010,Indie Surf,1231,10,0.008123,3.916667,0.003182
2010,Indietronica,1231,17,0.013810,7.333333,0.005957
2010,Industrial,1231,1,0.000812,0.333333,0.000271
2010,Industrial Hip Hop,1231,12,0.009748,4.783333,0.003886
2010,Industrial Rock,1231,3,0.002437,1.500000,0.001219
2010,Instrumental Hip Hop,1231,6,0.004874,2.500000,0.002031
2010,J-Pop,1231,1,0.000812,0.333333,0.000271
2010,J-Rock,1231,4,0.003249,1.833333,0.001489
2010,Jangle Pop,1231,6,0.004874,2.500000,0.002031
2010,Jazz,1231,1,0.000812,0.500000,0.000406
2010,Jazz Fusion,1231,7,0.005686,3.916667,0.003182
2010,Jazz Pop,1231,2,0.001625,0.583333,0.000474
2010,Jazz Rap,1231,12,0.009748,4.833333,0.003926
2010,Jazz-Funk,1231,1,0.000812,0.250000,0.000203
2010,Jazz-Rock,1231,1,0.000812,0.500000,0.000406
2010,K-Pop,1231,1,0.000812,0.333333,0.000271
2010,Lo-Fi/Slacker Rock,1231,13,0.010561,7.166667,0.005822
2010,Lounge,1231,1,0.000812,0.250000,0.000203
2010,MPB,1231,1,0.000812,0.333333,0.000271
2010,Mashup,1231,1,0.000812,0.333333,0.000271
2010,Math Rock,1231,6,0.004874,3.000000,0.002437
2010,Mathcore,1231,4,0.003249,3.500000,0.002843
2010,Melodic Death Metal,1231,1,0.000812,1.000000,0.000812
2010,Memphis Rap,1231,1,0.000812,0.500000,0.000406
2010,Metalcore,1231,6,0.004874,4.500000,0.003656
2010,Microhouse,1231,6,0.004874,3.500000,0.002843
2010,Midwest Emo,1231,7,0.005686,5.000000,0.004062
2010,Minimal Synth,1231,2,0.001625,0.833333,0.000677
2010,Minimal Techno,1231,2,0.001625,1.500000,0.001219
2010,Mobb Music,1231,1,0.000812,0.333333,0.000271
2010,Modern Classical,1231,2,0.001625,1.000000,0.000812
2010,Musical Comedy,1231,1,0.000812,0.333333,0.000271
2010,Musical Parody,1231,1,0.000812,0.333333,0.000271
2010,Musiqueconcrète,1231,1,0.000812,0.333333,0.000271
2010,Neo-Psychedelia,1231,48,0.038993,23.666667,0.019226
2010,Neo-Soul,1231,23,0.018684,13.000000,0.010561
2010,Neoclassical Darkwave,1231,4,0.003249,3.000000,0.002437
2010,Neoclassical New Age,1231,1,0.000812,0.500000,0.000406
2010,Neofolk,1231,1,0.000812,0.500000,0.000406
2010,Neue Deutsche Härte,1231,1,0.000812,1.000000,0.000812
2010,New Rave,1231,2,0.001625,0.750000,0.000609
2010,New Wave,1231,3,0.002437,1.166667,0.000948
2010,Noise,1231,5,0.004062,1.616667,0.001313
2010,Noise Pop,1231,9,0.007311,4.666667,0.003791
2010,Noise Rock,1231,12,0.009748,5.750000,0.004671
2010,Novelty,1231,1,0.000812,0.333333,0.000271
2010,Nu Jazz,1231,5,0.004062,2.166667,0.001760
2010,Nu Metal,1231,1,0.000812,0.500000,0.000406
2010,Nu-Disco,1231,2,0.001625,1.000000,0.000812
2010,Nuevacanciónlatinoamericana,1231,1,0.000812,1.000000,0.000812
2010,Outsider House,1231,1,0.000812,1.000000,0.000812
2010,Piano Rock,1231,1,0.000812,0.333333,0.000271
2010,Plunderphonics,1231,5,0.004062,2.333333,0.001895
2010,Political Hip Hop,1231,3,0.002437,1.083333,0.000880
2010,Pop,1231,10,0.008123,5.500000,0.004468
2010,Pop Punk,1231,13,0.010561,7.833333,0.006363
2010,Pop Rap,1231,61,0.049553,32.666667,0.026537
2010,Pop Rock,1231,41,0.033306,26.500000,0.021527
2010,Pop Soul,1231,4,0.003249,2.000000,0.001625
2010,Post-Hardcore,1231,15,0.012185,8.666667,0.007040
2010,Post-Industrial,1231,12,0.009748,5.166667,0.004197
2010,Post-Metal,1231,15,0.012185,6.666667,0.005416
2010,Post-Minimalism,1231,3,0.002437,1.500000,0.001219
2010,Post-Punk,1231,27,0.021933,17.000000,0.013810
2010,Post-Punk Revival,1231,5,0.004062,3.500000,0.002843
2010,Post-Rock,1231,16,0.012998,10.166667,0.008259
2010,Power Pop,1231,12,0.009748,5.333333,0.004333
2010,Powerviolence,1231,4,0.003249,1.833333,0.001489
2010,Progressive Country,1231,1,0.000812,0.333333,0.000271
2010,Progressive Electronic,1231,8,0.006499,5.500000,0.004468
2010,Progressive Folk,1231,4,0.003249,1.666667,0.001354
2010,Progressive Metal,1231,21,0.017059,16.333333,0.013268
2010,Progressive Pop,1231,11,0.008936,4.000000,0.003249
2010,Progressive Rock,1231,15,0.012185,10.833333,0.008800
2010,Psychedelic Folk,1231,6,0.004874,2.666667,0.002166
2010,Psychedelic Pop,1231,28,0.022746,14.166667,0.011508
2010,Psychedelic Rock,1231,22,0.017872,12.000000,0.009748
2010,Psychedelic Soul,1231,5,0.004062,2.666667,0.002166
2010,Punk Blues,1231,3,0.002437,1.333333,0.001083
2010,Punk Rock,1231,1,0.000812,1.000000,0.000812
2010,Purple Sound,1231,1,0.000812,0.333333,0.000271
2010,Ratchet Music,1231,1,0.000812,0.333333,0.000271
2010,Rock Opera,1231,1,0.000812,0.333333,0.000271
2010,Satire,1231,1,0.000812,0.333333,0.000271
2010,Screamo,1231,1,0.000812,0.500000,0.000406
2010,Sequencer & Tracker,1231,2,0.001625,1.000000,0.000812
2010,Shoegaze,1231,14,0.011373,7.166667,0.005822
2010,Singer-Songwriter,1231,77,0.062551,37.833333,0.030734
2010,Slowcore,1231,4,0.003249,1.666667,0.001354
2010,Smooth Soul,1231,1,0.000812,0.333333,0.000271
2010,Soft Rock,1231,1,0.000812,0.333333,0.000271
2010,Sophisti-Pop,1231,4,0.003249,1.833333,0.001489
2010,Sound Collage,1231,5,0.004062,1.533333,0.001246
2010,Soundtracks,1231,1,0.000812,0.333333,0.000271
2010,Southern Hip Hop,1231,49,0.039805,24.750000,0.020106
2010,Space Rock Revival,1231,3,0.002437,1.166667,0.000948
2010,Spaghetti Western,1231,1,0.000812,0.333333,0.000271
2010,Spiritual Jazz,1231,2,0.001625,2.000000,0.001625
2010,Spirituals,1231,1,0.000812,0.500000,0.000406
2010,Spoken Word,1231,3,0.002437,1.666667,0.001354
2010,Stoner Metal,1231,7,0.005686,3.833333,0.003114
2010,Stoner Rock,1231,3,0.002437,1.333333,0.001083
2010,Surf Punk,1231,1,0.000812,0.333333,0.000271
2010,Synth Funk,1231,4,0.003249,2.000000,0.001625
2010,Synth Punk,1231,3,0.002437,1.166667,0.000948
2010,Synthpop,1231,44,0.035743,23.666667,0.019226
2010,Synthwave,1231,2,0.001625,0.666667,0.000542
2010,Tape Music,1231,1,0.000812,0.333333,0.000271
2010,Tech House,1231,3,0.002437,1.500000,0.001219
2010,Technical Death Metal,1231,2,0.001625,2.000000,0.001625
2010,Technical Thrash Metal,1231,2,0.001625,2.000000,0.001625
2010,Television Music,1231,1,0.000812,0.500000,0.000406
2010,Thrash Metal,1231,5,0.004062,3.500000,0.002843
2010,Traditional Doom Metal,1231,1,0.000812,0.500000,0.000406
2010,Trance Metal,1231,1,0.000812,0.500000,0.000406
2010,Trap,1231,56,0.045491,26.166667,0.021256
2010,Trap Metal,1231,1,0.000812,0.500000,0.000406
2010,Trip Hop,1231,1,0.000812,0.500000,0.000406
2010,Turntable Music,1231,7,0.005686,2.533333,0.002058
2010,Twee Pop,1231,4,0.003249,1.833333,0.001489
2010,UKBass,1231,9,0.007311,5.250000,0.004265
2010,UKGarage,1231,1,0.000812,0.500000,0.000406
2010,UKHip Hop,1231,6,0.004874,3.083333,0.002505
2010,Utopian Virtual,1231,1,0.000812,0.500000,0.000406
2010,Vaportrap,1231,2,0.001625,2.000000,0.001625
2010,Vaporwave,1231,3,0.002437,2.000000,0.001625
2010,Video Game Music,1231,4,0.003249,1.583333,0.001286
2010,West Coast Hip Hop,1231,38,0.030869,18.083333,0.014690
2010,Witch House,1231,3,0.002437,2.000000,0.001625
2010,Wonky,1231,8,0.006499,3.666667,0.002979
2020,Abstract Hip Hop,277,14,0.050542,7.000000,0.025271
2020,Afro-Jazz,277,1,0.003610,0.500000,0.001805
2020,Alt-Country,277,2,0.007220,1.000000,0.003610
2020,Alt-Pop,277,3,0.010830,1.500000,0.005415
2020,Alternative Dance,277,1,0.003610,0.500000,0.001805
2020,Alternative Metal,277,4,0.014440,3.000000,0.010830
2020,Alternative R&B,277,4,0.014440,2.500000,0.009025
2020,Alternative Rock,277,5,0.018051,2.833333,0.010229
2020,Ambient,277,6,0.021661,3.166667,0.011432
2020,Ambient Pop,277,2,0.007220,0.833333,0.003008
2020,Americana,277,1,0.003610,0.500000,0.001805
2020,Art Pop,277,21,0.075812,11.666667,0.042118
2020,Art Punk,277,7,0.025271,3.333333,0.012034
2020,Art Rock,277,7,0.025271,3.000000,0.010830
2020,Atmospheric Black Metal,277,3,0.010830,3.000000,0.010830
2020,Atmospheric Drumand Bass,277,1,0.003610,1.000000,0.003610
2020,Atmospheric Sludge Metal,277,1,0.003610,0.500000,0.001805
2020,Avant-Folk,277,3,0.010830,1.333333,0.004813
2020,Avant-Garde Jazz,277,2,0.007220,1.000000,0.003610
2020,Avant-Garde Metal,277,4,0.014440,1.583333,0.005716
2020,Avant-Prog,277,1,0.003610,1.000000,0.003610
2020,Baroque Pop,277,2,0.007220,0.833333,0.003008
2020,Bedroom Pop,277,2,0.007220,0.833333,0.003008
2020,Black Metal,277,3,0.010830,1.583333,0.005716
2020,Boom Bap,277,4,0.014440,1.583333,0.005716
2020,Breakbeat,277,1,0.003610,0.333333,0.001203
2020,Bubblegum Bass,277,2,0.007220,0.833333,0.003008
2020,Chamber Folk,277,4,0.014440,2.000000,0.007220
2020,Chamber Music,277,1,0.003610,0.250000,0.000903
2020,Chamber Pop,277,5,0.018051,2.333333,0.008424
2020,Christian Hip Hop,277,1,0.003610,0.500000,0.001805
2020,City Pop,277,1,0.003610,0.333333,0.001203
2020,Cloud Rap,277,4,0.014440,2.666667,0.009627
2020,Conscious Hip Hop,277,8,0.028881,3.833333,0.013839
2020,Contemporary Folk,277,4,0.014440,2.000000,0.007220
2020,Contemporary R&B,277,9,0.032491,6.000000,0.021661
2020,Country Pop,277,1,0.003610,0.500000,0.001805
2020,Crust Punk,277,1,0.003610,0.500000,0.001805
2020,Dance-Pop,277,10,0.036101,4.833333,0.017449
2020,Dark Ambient,277,1,0.003610,1.000000,0.003610
2020,Deconstructed Club,277,2,0.007220,1.333333,0.004813
2020,Digital Hardcore,277,1,0.003610,1.000000,0.003610
2020,Disco,277,2,0.007220,1.000000,0.003610
2020,Dream Pop,277,3,0.010830,1.500000,0.005415
2020,Drone,277,1,0.003610,0.333333,0.001203
2020,Drone Metal,277,2,0.007220,1.000000,0.003610
2020,Drumless,277,2,0.007220,0.583333,0.002106
2020,East Coast Hip Hop,277,18,0.064982,8.166667,0.029483
2020,Electro-Industrial,277,2,0.007220,1.000000,0.003610
2020,Electronic,277,8,0.028881,4.166667,0.015042
2020,Electronic Dance Music,277,2,0.007220,0.833333,0.003008
2020,Electropop,277,5,0.018051,2.000000,0.007220
2020,Emo,277,3,0.010830,1.333333,0.004813
2020,Emo Rap,277,1,0.003610,0.500000,0.001805
2020,Euro House,277,1,0.003610,0.500000,0.001805
2020,Experimental,277,1,0.003610,0.333333,0.001203
2020,Experimental Hip Hop,277,10,0.036101,3.500000,0.012635
2020,Experimental Rock,277,7,0.025271,2.833333,0.010229
2020,Film Soundtrack,277,1,0.003610,0.333333,0.001203
2020,Folk Pop,277,3,0.010830,1.500000,0.005415
2020,Folk Rock,277,1,0.003610,0.500000,0.001805
2020,Future Garage,277,1,0.003610,0.500000,0.001805
2020,Gangsta Rap,277,8,0.028881,4.583333,0.016546
2020,Garage Rock Revival,277,1,0.003610,0.500000,0.001805
2020,Ghazal,277,1,0.003610,0.500000,0.001805
2020,Glam Punk,277,1,0.003610,0.333333,0.001203
2020,Glitch,277,1,0.003610,0.500000,0.001805
2020,Glitch Hop,277,2,0.007220,0.666667,0.002407
2020,Glitch Pop,277,3,0.010830,1.333333,0.004813
2020,Gothic Metal,277,1,0.003610,0.500000,0.001805
2020,Groove Metal,277,1,0.003610,0.500000,0.001805
2020,Hardcore Breaks,277,1,0.003610,1.000000,0.003610
2020,Hardcore Hip Hop,277,7,0.025271,2.916667,0.010529
2020,Heartland Rock,277,2,0.007220,1.333333,0.004813
2020,Heavy Metal,277,1,0.003610,1.000000,0.003610
2020,Hex D,277,1,0.003610,0.333333,0.001203
2020,Horrorcore,277,3,0.010830,1.333333,0.004813
2020,House,277,2,0.007220,1.500000,0.005415
2020,Hyperpop,277,5,0.018051,2.166667,0.007822
2020,Hypnagogic Pop,277,2,0.007220,1.500000,0.005415
2020,IDM,277,3,0.010830,1.000000,0.003610
2020,Indie Folk,277,5,0.018051,2.833333,0.010229
2020,Indie Pop,277,9,0.032491,5.000000,0.018051
2020,Indie Rock,277,6,0.021661,3.833333,0.013839
2020,Indietronica,277,6,0.021661,3.166667,0.011432
2020,Industrial,277,1,0.003610,0.500000,0.001805
2020,Industrial Hip Hop,277,3,0.010830,1.333333,0.004813
2020,Industrial Metal,277,1,0.003610,0.500000,0.001805
2020,Industrial Rock,277,2,0.007220,1.000000,0.003610
2020,Instrumental Hip Hop,277,1,0.003610,1.000000,0.003610
2020,J-Pop,277,1,0.003610,0.500000,0.001805
2020,J-Rock,277,1,0.003610,0.500000,0.001805
2020,Jazz Fusion,277,1,0.003610,1.000000,0.003610
2020,Jazz Rap,277,6,0.021661,2.333333,0.008424
2020,Jazz-Funk,277,1,0.003610,0.333333,0.001203
2020,K-Pop,277,2,0.007220,0.833333,0.003008
2020,Latin Electronic,277,1,0.003610,0.500000,0.001805
2020,Math Rock,277,2,0.007220,0.833333,0.003008
2020,Metalcore,277,3,0.010830,1.500000,0.005415
2020,Mexican Folk Music,277,1,0.003610,0.500000,0.001805
2020,Microhouse,277,1,0.003610,1.000000,0.003610
2020,Minimalism,277,1,0.003610,0.333333,0.001203
2020,Modern Classical,277,1,0.003610,0.500000,0.001805
2020,Musical Comedy,277,1,0.003610,0.333333,0.001203
2020,Neo-Psychedelia,277,14,0.050542,6.500000,0.023466
2020,Neo-Soul,277,7,0.025271,4.333333,0.015644
2020,Neoclassical Darkwave,277,1,0.003610,0.500000,0.001805
2020,New Wave,277,2,0.007220,0.666667,0.002407
2020,Noise,277,1,0.003610,0.500000,0.001805
2020,Noise Pop,277,3,0.010830,1.166667,0.004212
2020,Noise Rock,277,1,0.003610,0.500000,0.001805
2020,Nu Jazz,277,1,0.003610,0.500000,0.001805
2020,Nu-Disco,277,2,0.007220,1.500000,0.005415
2020,Opera,277,1,0.003610,0.250000,0.000903
2020,Political Hip Hop,277,1,0.003610,0.500000,0.001805
2020,Pop,277,4,0.014440,1.833333,0.006619
2020,Pop Punk,277,2,0.007220,1.000000,0.003610
2020,Pop Rap,277,15,0.054152,7.333333,0.026474
2020,Pop Rock,277,9,0.032491,4.333333,0.015644
2020,Pop Soul,277,1,0.003610,1.000000,0.003610
2020,Post-Hardcore,277,4,0.014440,2.000000,0.007220
2020,Post-Industrial,277,3,0.010830,1.333333,0.004813
2020,Post-Metal,277,1,0.003610,0.500000,0.001805
2020,Post-Minimalism,277,1,0.003610,0.500000,0.001805
2020,Post-Punk,277,10,0.036101,5.000000,0.018051
2020,Post-Rock,277,4,0.014440,2.166667,0.007822
2020,Power Electronics,277,1,0.003610,0.500000,0.001805
2020,Power Pop,277,3,0.010830,1.333333,0.004813
2020,Progressive Breaks,277,1,0.003610,0.500000,0.001805
2020,Progressive Electronic,277,2,0.007220,0.833333,0.003008
2020,Progressive Metal,277,2,0.007220,1.000000,0.003610
2020,Progressive Pop,277,3,0.010830,1.166667,0.004212
2020,Psychedelic Pop,277,5,0.018051,2.333333,0.008424
2020,Psychedelic Rock,277,4,0.014440,2.833333,0.010229
2020,Psychedelic Soul,277,2,0.007220,0.833333,0.003008
2020,Rage,277,1,0.003610,0.250000,0.000903
2020,Ranchera,277,1,0.003610,0.500000,0.001805
2020,Reggaetón,277,1,0.003610,1.000000,0.003610
2020,Screamo,277,1,0.003610,0.500000,0.001805
2020,Shoegaze,277,4,0.014440,2.333333,0.008424
2020,Singer-Songwriter,277,24,0.086643,13.500000,0.048736
2020,Ska Punk,277,1,0.003610,1.000000,0.003610
2020,Sludge Metal,277,1,0.003610,0.500000,0.001805
2020,Smooth Soul,277,1,0.003610,1.000000,0.003610
2020,Soft Rock,277,1,0.003610,0.500000,0.001805
2020,Sophisti-Pop,277,1,0.003610,0.500000,0.001805
2020,Sound Collage,277,1,0.003610,0.500000,0.001805
2020,Southern Hip Hop,277,6,0.021661,3.083333,0.011131
2020,Spiritual Jazz,277,1,0.003610,0.500000,0.001805
2020,Synthpop,277,12,0.043321,6.000000,0.021661
2020,Tech House,277,1,0.003610,0.500000,0.001805
2020,Technical Death Metal,277,3,0.010830,2.000000,0.007220
2020,Techno,277,1,0.003610,0.333333,0.001203
2020,Third Stream,277,1,0.003610,0.500000,0.001805
2020,Tishoumaren,277,1,0.003610,0.500000,0.001805
2020,Totalism,277,1,0.003610,0.333333,0.001203
2020,Trap,277,18,0.064982,8.166667,0.029483
2020,UKBass,277,1,0.003610,0.333333,0.001203
2020,UKHip Hop,277,2,0.007220,1.000000,0.003610
2020,Vaporwave,277,1,0.003610,0.500000,0.001805
2020,West Coast Hip Hop,277,8,0.028881,4.000000,0.014440
