decade,mood,decade_album_count,album_count,album_share
1950,aggressive,37,0,0.000000
1950,angry,37,0,0.000000
1950,anxious,37,0,0.000000
1950,bittersweet,37,3,0.081081
1950,calm,37,4,0.108108
1950,dark,37,0,0.000000
1950,depressive,37,0,0.000000
1950,happy,37,5,0.135135
1950,melancholic,37,7,0.189189
1950,optimistic,37,1,0.027027
1950,peaceful,37,1,0.027027
1950,playful,37,12,0.324324
1950,sad,37,1,0.027027
1950,sombre,37,1,0.027027
1950,uplifting,37,11,0.297297
1960,aggressive,280,1,0.003571
1960,angry,280,2,0.007143
1960,anxious,280,7,0.025000
1960,bittersweet,280,60,0.214286
1960,calm,280,15,0.053571
1960,dark,280,6,0.021429
1960,depressive,280,1,0.003571
1960,happy,280,22,0.078571
1960,melancholic,280,36,0.128571
1960,optimistic,280,12,0.042857
1960,peaceful,280,18,0.064286
1960,playful,280,76,0.271429
1960,sad,280,2,0.007143
1960,sombre,280,9,0.032143
1960,uplifting,280,40,0.142857
1970,aggressive,644,11,0.017081
1970,angry,644,17,0.026398
1970,anxious,644,52,0.080745
1970,bittersweet,644,87,0.135093
1970,calm,644,32,0.049689
1970,dark,644,54,0.083851
1970,depressive,644,8,0.012422
1970,happy,644,27,0.041925
1970,melancholic,644,62,0.096273
1970,optimistic,644,23,0.035714
1970,peaceful,644,30,0.046584
1970,playful,644,183,0.284161
1970,sad,644,5,0.007764
1970,sombre,644,25,0.038820
1970,uplifting,644,84,0.130435
1980,aggressive,595,93,0.156303
1980,angry,595,70,0.117647
1980,anxious,595,97,0.163025
1980,bittersweet,595,79,0.132773
1980,calm,595,14,0.023529
1980,dark,595,139,0.233613
1980,depressive,595,16,0.026891
1980,happy,595,13,0.021849
1980,melancholic,595,101,0.169748
1980,optimistic,595,16,0.026891
1980,peaceful,595,15,0.025210
1980,playful,595,122,0.205042
1980,sad,595,8,0.013445
1980,sombre,595,53,0.089076
1980,uplifting,595,51,0.085714
1990,aggressive,875,170,0.194286
1990,angry,875,130,0.148571
1990,anxious,875,100,0.114286
1990,bittersweet,875,162,0.185143
1990,calm,875,24,0.027429
1990,dark,875,203,0.232000
1990,depressive,875,48,0.054857
1990,happy,875,14,0.016000
1990,melancholic,875,233,0.266286
1990,optimistic,875,16,0.018286
1990,peaceful,875,9,0.010286
1990,playful,875,124,0.141714
1990,sad,875,46,0.052571
1990,sombre,875,104,0.118857
1990,uplifting,875,50,0.057143
2000,aggressive,1061,147,0.138549
2000,angry,1061,90,0.084826
2000,anxious,1061,131,0.123468
2000,bittersweet,1061,207,0.195099
2000,calm,1061,34,0.032045
2000,dark,1061,177,0.166824
2000,depressive,1061,61,0.057493
2000,happy,1061,25,0.023563
2000,melancholic,1061,377,0.355325
2000,optimistic,1061,23,0.021678
2000,peaceful,1061,23,0.021678
2000,playful,1061,162,0.152686
2000,sad,1061,62,0.058435
2000,sombre,1061,151,0.142319
2000,uplifting,1061,92,0.086711
2010,aggressive,1231,117,0.095045
2010,angry,1231,66,0.053615
2010,anxious,1231,144,0.116978
2010,bittersweet,1231,285,0.231519
2010,calm,1231,48,0.038993
2010,dark,1231,194,0.157595
2010,depressive,1231,58,0.047116
2010,happy,1231,36,0.029245
2010,melancholic,1231,333,0.270512
2010,optimistic,1231,38,0.030869
2010,peaceful,1231,28,0.022746
2010,playful,1231,178,0.144598
2010,sad,1231,42,0.034119
2010,sombre,1231,118,0.095857
2010,uplifting,1231,120,0.097482
2020,aggressive,277,29,0.104693
2020,angry,277,15,0.054152
2020,anxious,277,19,0.068592
2020,bittersweet,277,70,0.252708
2020,calm,277,21,0.075812
2020,dark,277,36,0.129964
2020,depressive,277,11,0.039711
2020,happy,277,8,0.028881
2020,melancholic,277,57,0.205776
2020,optimistic,277,12,0.043321
2020,peaceful,277,8,0.028881
2020,playful,277,43,0.155235
2020,sad,277,8,0.028881
2020,sombre,277,14,0.050542
2020,uplifting,277,30,0.108303
